Workbook

Sheet Fruits_DB
A1: 🍎 FRUITS COMPLETE NUTRITION DATABASE · All values per 100g · Source: USDA FoodData + ICMR + Published Literature
A2: 🆔 IDENTITY | G2: 🍽️ MACRONUTRIENTS · Calories, Carbs, Fats, Sugars (all types), Water, GI | X2: 🧬 VITAMINS (A to K2 + Choline) | AO2: ⛏️ MINERALS (Ca, Fe, Mg, P, K, Na, Zn, Cu, Mn, Se, F, I, Cr) | BB2: 🌿 ANTIOXIDANTS & PHYTONUTRIENTS | BI2: 💊 AMINO ACIDS (Essential + Non-essential)
A3: ID | B3: Fruit Name | C3: Category | D3: Common Name / Variety | E3: Per (basis) | F3: Serving g (g) | G3: Calories Energy (kcal) | H3: Protein (g) | I3: Total Carbs (g) | J3: Total Fat (g) | K3: Fiber Dietary (g) | L3: Total Sugar (g) | M3: Free Sugar (added eq) (g) | N3: Fructose (g) | O3: Glucose (g) | P3: Sucrose (g) | Q3: Saturated Fat (g) | R3: Mono Fat MUFA (g) | S3: Poly Fat PUFA (g) | T3: Omega-3 ALA (mg) | U3: Omega-6 LA (mg) | V3: Water content (g) | W3: GI Glycemic Index | X3: Vitamin A RAE (mcg) | Y3: β-Carotene (mcg) | Z3: Vitamin B1 Thiamine (mg) | AA3: Vitamin B2 Riboflavin (mg) | AB3: Vitamin B3 Niacin (mg) | AC3: Vitamin B5 Pantothenic (mg) | AD3: Vitamin B6 Pyridoxine (mg) | AE3: Vitamin B7 Biotin (mcg) | AF3: Vitamin B9 Folate (mcg) | AG3: Vitamin B12 (mcg) | AH3: Vitamin C Ascorbic (mg) | AI3: Vitamin D D2+D3 (mcg) | AJ3: Vitamin E α-Tocopherol (mg) | AK3: Vitamin K K1 (mcg) | AL3: Vitamin K2 MK-4 (mcg) | AM3: Choline (mg) | AN3: Calcium (mg) | AO3: Iron (mg) | AP3: Magnesium (mg) | AQ3: Phosphorus (mg) | AR3: Potassium (mg) | AS3: Sodium (mg) | AT3: Zinc (mg) | AU3: Copper (mg) | AV3: Manganese (mg) | AW3: Selenium (mcg) | AX3: Fluoride (mcg) | AY3: Iodine (mcg) | AZ3: Chromium (mcg) | BA3: Lycopene (mcg) | BB3: Lutein+ Zeaxanthin (mcg) | BC3: Quercetin (mg) | BD3: Anthocyanins (mg) | BE3: Resveratrol (mg) | BF3: Total Polyphenols (mg) | BG3: ORAC Antioxidant (µmol) | BH3: Tryptophan (mg) | BI3: Threonine (mg) | BJ3: Isoleucine (mg) | BK3: Leucine (mg) | BL3: Lysine (mg) | BM3: Methionine (mg) | BN3: Phenylalanine (mg) | BO3: Valine (mg) | BP3: Histidine (mg) | BQ3: Arginine (mg) | BR3: Glutamic Acid (mg) | BS3: Aspartic Acid (mg) | BT3: Glycine (mg) | BU3: Alanine (mg) | BV3: Proline (mg)
A4: FR001 | B4: Banana | C4: Tropical | D4: Cavendish | E4: per 100g | F4: 100 | G4: 89 | H4: 1.1 | I4: 22.8 | J4: 0.3 | K4: 2.6 | L4: 12.2 | M4: 0 | N4: 4.9 | O4: 5 | P4: 2.4 | Q4: 0.1 | R4: 0.03 | S4: 0.06 | T4: 27 | U4: 47 | V4: 74 | W4: 51 | X4: 3 | Y4: 26 | Z4: 0.031 | AA4: 0.073 | AB4: 0.665 | AC4: 0.334 | AD4: 0.367 | AE4: 0.2 | AF4: 20 | AG4: 0 | AH4: 8.7 | AI4: 0 | AJ4: 0.1 | AK4: 0.5 | AL4: 0 | AM4: 9.8 | AN4: 5 | AO4: 0.26 | AP4: 27 | AQ4: 22 | AR4: 358 | AS4: 1 | AT4: 0.15 | AU4: 0.078 | AV4: 0.27 | AW4: 1 | AX4: 2.2 | AY4: 1 | AZ4: 0.5 | BA4: 0 | BB4: 22 | BC4: 0.1 | BD4: 0 | BE4: 0 | BF4: 114 | BG4: 795 | BH4: 9 | BI4: 28 | BJ4: 28 | BK4: 68 | BL4: 50 | BM4: 8 | BN4: 49 | BO4: 47 | BP4: 77 | BQ4: 48 | BR4: 148 | BS4: 103 | BT4: 38 | BU4: 31 | BV4: 34
A5: FR002 | B5: Mango | C5: Tropical | D5: Alphonso | E5: per 100g | F5: 100 | G5: 60 | H5: 0.82 | I5: 15 | J5: 0.38 | K5: 1.6 | L5: 13.7 | M5: 0 | N5: 4.7 | O5: 2.9 | P5: 6.5 | Q5: 0.09 | R5: 0.14 | S5: 0.07 | T5: 9 | U5: 28 | V5: 83 | W5: 51 | X5: 54 | Y5: 445 | Z5: 0.028 | AA5: 0.038 | AB5: 0.669 | AC5: 0.197 | AD5: 0.119 | AE5: 0.06 | AF5: 43 | AG5: 0 | AH5: 36.4 | AI5: 0 | AJ5: 0.9 | AK5: 4.2 | AL5: 0 | AM5: 7.6 | AN5: 11 | AO5: 0.16 | AP5: 10 | AQ5: 14 | AR5: 168 | AS5: 1 | AT5: 0.09 | AU5: 0.11 | AV5: 0.06 | AW5: 0.6 | AX5: 0 | AY5: 0 | AZ5: 0 | BA5: 0 | BB5: 0 | BC5: 0.1 | BD5: 0.7 | BE5: 0 | BF5: 312 | BG5: 1002 | BH5: 11 | BI5: 31 | BJ5: 25 | BK5: 57 | BL5: 27 | BM5: 6 | BN5: 21 | BO5: 31 | BP5: 12 | BQ5: 21 | BR5: 99 | BS5: 41 | BT5: 24 | BU5: 84 | BV5: 18
A6: FR003 | B6: Papaya | C6: Tropical | D6: Solo | E6: per 100g | F6: 100 | G6: 43 | H6: 0.47 | I6: 10.82 | J6: 0.26 | K6: 1.7 | L6: 7.82 | M6: 0 | N6: 3.73 | O6: 2.34 | P6: 1.76 | Q6: 0.08 | R6: 0.07 | S6: 0.05 | T6: 8 | U6: 18 | V6: 88 | W6: 60 | X6: 47 | Y6: 274 | Z6: 0.023 | AA6: 0.027 | AB6: 0.357 | AC6: 0.218 | AD6: 0.038 | AE6: 0.04 | AF6: 37 | AG6: 0 | AH6: 60.9 | AI6: 0 | AJ6: 0.3 | AK6: 2.6 | AL6: 0 | AM6: 6.6 | AN6: 20 | AO6: 0.25 | AP6: 21 | AQ6: 10 | AR6: 182 | AS6: 8 | AT6: 0.08 | AU6: 0.016 | AV6: 0.04 | AW6: 0.6 | AX6: 0 | AY6: 0 | AZ6: 0 | BA6: 831 | BB6: 89 | BC6: 0 | BD6: 0 | BE6: 0 | BF6: 60 | BG6: 300 | BH6: 6 | BI6: 14 | BJ6: 12 | BK6: 26 | BL6: 17 | BM6: 3 | BN6: 12 | BO6: 15 | BP6: 10 | BQ6: 14 | BR6: 30 | BS6: 27 | BT6: 11 | BU6: 14 | BV6: 8
A7: FR004 | B7: Pineapple | C7: Tropical | D7: Queen | E7: per 100g | F7: 100 | G7: 50 | H7: 0.54 | I7: 13.12 | J7: 0.12 | K7: 1.4 | L7: 9.85 | M7: 0 | N7: 2.12 | O7: 2.85 | P7: 3.59 | Q7: 0.009 | R7: 0.013 | S7: 0.04 | T7: 0 | U7: 7 | V7: 86 | W7: 59 | X7: 3 | Y7: 31 | Z7: 0.079 | AA7: 0.032 | AB7: 0.5 | AC7: 0.213 | AD7: 0.112 | AE7: 0.12 | AF7: 18 | AG7: 0 | AH7: 47.8 | AI7: 0 | AJ7: 0.02 | AK7: 0.7 | AL7: 0 | AM7: 5.5 | AN7: 13 | AO7: 0.29 | AP7: 12 | AQ7: 8 | AR7: 109 | AS7: 1 | AT7: 0.12 | AU7: 0.11 | AV7: 0.93 | AW7: 0.1 | AX7: 0 | AY7: 0 | AZ7: 0 | BA7: 0 | BB7: 0 | BC7: 0 | BD7: 0 | BE7: 0 | BF7: 47 | BG7: 385 | BH7: 7 | BI7: 15 | BJ7: 11 | BK7: 16 | BL7: 8 | BM7: 10 | BN7: 7 | BO7: 11 | BP7: 10 | BQ7: 14 | BR7: 41 | BS7: 31 | BT7: 17 | BU7: 24 | BV7: 6
A8: FR005 | B8: Guava | C8: Tropical | D8: Common | E8: per 100g | F8: 100 | G8: 68 | H8: 2.55 | I8: 14.32 | J8: 0.95 | K8: 5.4 | L8: 8.92 | M8: 0 | N8: 4.97 | O8: 2.68 | P8: 1.27 | Q8: 0.27 | R8: 0.27 | S8: 0.4 | T8: 114 | U8: 193 | V8: 81 | W8: 12 | X8: 31 | Y8: 374 | Z8: 0.067 | AA8: 0.04 | AB8: 1.084 | AC8: 0.451 | AD8: 0.11 | AE8: 0.34 | AF8: 49 | AG8: 0 | AH8: 228.3 | AI8: 0 | AJ8: 0.73 | AK8: 2.6 | AL8: 0 | AM8: 7.6 | AN8: 18 | AO8: 0.26 | AP8: 22 | AQ8: 40 | AR8: 417 | AS8: 2 | AT8: 0.23 | AU8: 0.23 | AV8: 0.15 | AW8: 0.6 | AX8: 0 | AY8: 0 | AZ8: 0 | BA8: 0 | BB8: 54 | BC8: 0 | BD8: 0 | BE8: 0 | BF8: 624 | BG8: 1038 | BH8: 33 | BI8: 60 | BJ8: 53 | BK8: 120 | BL8: 82 | BM8: 17 | BN8: 50 | BO8: 63 | BP8: 11 | BQ8: 38 | BR8: 85 | BS8: 47 | BT8: 40 | BU8: 81 | BV8: 45
A9: FR006 | B9: Jackfruit | C9: Tropical | D9: Kathal | E9: per 100g | F9: 100 | G9: 95 | H9: 1.72 | I9: 23.25 | J9: 0.64 | K9: 1.5 | L9: 19.08 | M9: 0 | N9: 9.28 | O9: 8.63 | P9: 1.17 | Q9: 0.16 | R9: 0.16 | S9: 0.26 | T9: 5 | U9: 76 | V9: 74 | W9: 75 | X9: 5 | Y9: 61 | Z9: 0.105 | AA9: 0.055 | AB9: 0.92 | AC9: 0.235 | AD9: 0.329 | AE9: 0 | AF9: 24 | AG9: 0 | AH9: 13.7 | AI9: 0 | AJ9: 0.34 | AK9: 0 | AL9: 0 | AM9: 13.4 | AN9: 24 | AO9: 0.23 | AP9: 29 | AQ9: 21 | AR9: 448 | AS9: 2 | AT9: 0.13 | AU9: 0.076 | AV9: 0.043 | AW9: 0.6 | AX9: 0 | AY9: 0 | AZ9: 0 | BA9: 157 | BB9: 157 | BC9: 0 | BD9: 0 | BE9: 0 | BF9: 60 | BG9: 298 | BH9: 29 | BI9: 53 | BJ9: 57 | BK9: 99 | BL9: 75 | BM9: 14 | BN9: 60 | BO9: 67 | BP9: 34 | BQ9: 27 | BR9: 71 | BS9: 129 | BT9: 54 | BU9: 72 | BV9: 50
A10: FR007 | B10: Lychee | C10: Tropical | D10: Bombai | E10: per 100g | F10: 100 | G10: 66 | H10: 0.83 | I10: 16.53 | J10: 0.44 | K10: 1.3 | L10: 15.23 | M10: 0 | N10: 2.37 | O10: 5.35 | P10: 7.51 | Q10: 0.1 | R10: 0.13 | S10: 0.12 | T10: 0 | U10: 0 | V10: 82 | W10: 57 | X10: 0 | Y10: 0 | Z10: 0.011 | AA10: 0.065 | AB10: 0.603 | AC10: 0.148 | AD10: 0.1 | AE10: 0 | AF10: 14 | AG10: 0 | AH10: 71.5 | AI10: 0 | AJ10: 0.07 | AK10: 0.4 | AL10: 0 | AM10: 7.1 | AN10: 5 | AO10: 0.31 | AP10: 10 | AQ10: 31 | AR10: 171 | AS10: 1 | AT10: 0.07 | AU10: 0.148 | AV10: 0.055 | AW10: 0.6 | AX10: 0 | AY10: 0 | AZ10: 0 | BA10: 0 | BB10: 0 | BC10: 0 | BD10: 0 | BE10: 0 | BF10: 66 | BG10: 1060 | BH10: 7 | BI10: 11 | BJ10: 11 | BK10: 22 | BL10: 17 | BM10: 3 | BN10: 15 | BO10: 16 | BP10: 11 | BQ10: 13 | BR10: 47 | BS10: 46 | BT10: 20 | BU10: 19 | BV10: 15
A11: FR008 | B11: Coconut (fresh) | C11: Tropical | D11: Brown | E11: per 100g | F11: 100 | G11: 354 | H11: 3.33 | I11: 15.23 | J11: 33.49 | K11: 9 | L11: 6.23 | M11: 0 | N11: 0 | O11: 3.4 | P11: 2.83 | Q11: 29.7 | R11: 1.42 | S11: 0.37 | T11: 0 | U11: 0 | V11: 47 | W11: 45 | X11: 0 | Y11: 0 | Z11: 0.066 | AA11: 0.02 | AB11: 0.54 | AC11: 0.3 | AD11: 0.054 | AE11: 0.26 | AF11: 26 | AG11: 0 | AH11: 3.3 | AI11: 0 | AJ11: 0.24 | AK11: 0.2 | AL11: 0 | AM11: 12.1 | AN11: 14 | AO11: 2.43 | AP11: 32 | AQ11: 113 | AR11: 356 | AS11: 20 | AT11: 1.1 | AU11: 0.435 | AV11: 1.5 | AW11: 10.1 | AX11: 0 | AY11: 0 | AZ11: 0 | BA11: 0 | BB11: 0 | BC11: 0 | BD11: 0 | BE11: 0 | BF11: 163 | BG11: 0 | BH11: 25 | BI11: 103 | BJ11: 104 | BK11: 247 | BL11: 166 | BM11: 51 | BN11: 129 | BO11: 175 | BP11: 62 | BQ11: 536 | BR11: 344 | BS11: 248 | BT11: 110 | BU11: 80 | BV11: 117
A12: FR009 | B12: Watermelon | C12: Tropical | D12: Sugar Baby | E12: per 100g | F12: 100 | G12: 30 | H12: 0.61 | I12: 7.55 | J12: 0.15 | K12: 0.4 | L12: 6.2 | M12: 0 | N12: 3.36 | O12: 1.57 | P12: 1.21 | Q12: 0.02 | R12: 0.03 | S12: 0.05 | T12: 3 | U12: 28 | V12: 91 | W12: 76 | X12: 28 | Y12: 303 | Z12: 0.033 | AA12: 0.021 | AB12: 0.178 | AC12: 0.221 | AD12: 0.045 | AE12: 0 | AF12: 3 | AG12: 0 | AH12: 8.1 | AI12: 0 | AJ12: 0.05 | AK12: 0 | AL12: 0 | AM12: 4.1 | AN12: 7 | AO12: 0.24 | AP12: 10 | AQ12: 11 | AR12: 112 | AS12: 1 | AT12: 0.1 | AU12: 0.042 | AV12: 0.038 | AW12: 0.4 | AX12: 1.5 | AY12: 0 | AZ12: 0 | BA12: 4532 | BB12: 8 | BC12: 0 | BD12: 0 | BE12: 0 | BF12: 28 | BG12: 142 | BH12: 7 | BI12: 17 | BJ12: 16 | BK12: 27 | BL12: 11 | BM12: 3 | BN12: 11 | BO12: 11 | BP12: 4 | BQ12: 9 | BR12: 22 | BS12: 13 | BT12: 10 | BU12: 14 | BV12: 7
A13: FR010 | B13: Pomegranate | C13: Tropical | D13: Wonderful | E13: per 100g | F13: 100 | G13: 83 | H13: 1.67 | I13: 18.7 | J13: 1.17 | K13: 4 | L13: 13.67 | M13: 0 | N13: 7.93 | O13: 5.74 | P13: 0 | Q13: 0.12 | R13: 0.09 | S13: 0.08 | T13: 0 | U13: 0 | V13: 78 | W13: 18 | X13: 0 | Y13: 0 | Z13: 0.067 | AA13: 0.053 | AB13: 0.293 | AC13: 0.377 | AD13: 0.075 | AE13: 0 | AF13: 38 | AG13: 0 | AH13: 10.2 | AI13: 0 | AJ13: 0.6 | AK13: 16.4 | AL13: 0 | AM13: 7.6 | AN13: 10 | AO13: 0.3 | AP13: 12 | AQ13: 36 | AR13: 236 | AS13: 3 | AT13: 0.35 | AU13: 0.158 | AV13: 0.119 | AW13: 0.5 | AX13: 0 | AY13: 0 | AZ13: 0 | BA13: 0 | BB13: 0 | BC13: 0.13 | BD13: 68.7 | BE13: 0 | BF13: 236 | BG13: 2341 | BH13: 15 | BI13: 27 | BJ13: 22 | BK13: 40 | BL13: 26 | BM13: 6 | BN13: 20 | BO13: 22 | BP13: 14 | BQ13: 32 | BR13: 83 | BS13: 42 | BT13: 24 | BU13: 27 | BV13: 17
A14: FR011 | B14: Kiwi | C14: Tropical | D14: Hayward | E14: per 100g | F14: 100 | G14: 61 | H14: 1.14 | I14: 14.66 | J14: 0.52 | K14: 3 | L14: 8.99 | M14: 0 | N14: 4.35 | O14: 4.11 | P14: 0.53 | Q14: 0.03 | R14: 0.03 | S14: 0.29 | T14: 4 | U14: 52 | V14: 84 | W14: 50 | X14: 4 | Y14: 52 | Z14: 0.027 | AA14: 0.025 | AB14: 0.341 | AC14: 0.183 | AD14: 0.063 | AE14: 0.18 | AF14: 25 | AG14: 0 | AH14: 92.7 | AI14: 0 | AJ14: 1.46 | AK14: 40.3 | AL14: 0 | AM14: 2.2 | AN14: 34 | AO14: 0.31 | AP14: 17 | AQ14: 34 | AR14: 312 | AS14: 3 | AT14: 0.14 | AU14: 0.13 | AV14: 0.098 | AW14: 0.2 | AX14: 0 | AY14: 0 | AZ14: 0 | BA14: 122 | BB14: 122 | BC14: 0 | BD14: 0 | BE14: 0 | BF14: 160 | BG14: 862 | BH14: 13 | BI14: 19 | BJ14: 18 | BK14: 37 | BL14: 22 | BM14: 10 | BN14: 18 | BO14: 25 | BP14: 13 | BQ14: 17 | BR14: 72 | BS14: 39 | BT14: 23 | BU14: 32 | BV14: 15
A15: FR012 | B15: Dragon Fruit | C15: Tropical | D15: Red | E15: per 100g | F15: 100 | G15: 50 | H15: 1.1 | I15: 11 | J15: 0.4 | K15: 3 | L15: 7.65 | M15: 0 | N15: 3.1 | O15: 2.9 | P15: 1.65 | Q15: 0 | R15: 0 | S15: 0 | T15: 0 | U15: 0 | V15: 85 | W15: 48 | X15: 0 | Y15: 0 | Z15: 0 | AA15: 0.045 | AB15: 0.43 | AC15: 0.219 | AD15: 0.042 | AE15: 0 | AF15: 6 | AG15: 0 | AH15: 9 | AI15: 0 | AJ15: 0.12 | AK15: 0.3 | AL15: 0 | AM15: 0 | AN15: 18 | AO15: 1.9 | AP15: 40 | AQ15: 22 | AR15: 272 | AS15: 9 | AT15: 0.35 | AU15: 0.048 | AV15: 0.229 | AW15: 0.6 | AX15: 0 | AY15: 0 | AZ15: 0 | BA15: 0 | BB15: 0 | BC15: 0 | BD15: 0 | BE15: 0 | BF15: 60 | BG15: 241 | BH15: 8 | BI15: 12 | BJ15: 15 | BK15: 25 | BL15: 19 | BM15: 4 | BN15: 15 | BO15: 18 | BP15: 6 | BQ15: 20 | BR15: 50 | BS15: 30 | BT15: 12 | BU15: 18 | BV15: 12
... A54: FR051 | B54: Jackfruit Seeds | C54: Other | D54: Edible Seeds | E54: per 100g | F54: 100 | G54: 98 | H54: 6.6 | I54: 18.4 | J54: 0.4 | K54: 1.5 | L54: 0 | M54: 0 | N54: 0 | O54: 0 | P54: 0 | Q54: 0.1 | R54: 0.1 | S54: 0.2 | T54: 0 | U54: 0 | V54: 70 | W54: 65 | X54: 0 | Y54: 0 | Z54: 0.3 | AA54: 0.11 | AB54: 4 | AC54: 0.27 | AD54: 0.63 | AE54: 0 | AF54: 14 | AG54: 0 | AH54: 0 | AI54: 0 | AJ54: 0 | AK54: 0 | AL54: 0 | AM54: 0 | AN54: 50 | AO54: 1.5 | AP54: 54 | AQ54: 150 | AR54: 246 | AS54: 2 | AT54: 0.9 | AU54: 0.29 | AV54: 0.12 | AW54: 0 | AX54: 0 | AY54: 0 | AZ54: 0 | BA54: 0 | BB54: 0 | BC54: 0 | BD54: 0 | BE54: 0 | BF54: 0 | BG54: 0 | BH54: 42 | BI54: 65 | BJ54: 82 | BK54: 122 | BL54: 90 | BM54: 25 | BN54: 85 | BO54: 100 | BP54: 45 | BQ54: 68 | BR54: 123 | BS54: 100 | BT54: 50 | BU54: 72 | BV54: 65

Sheet Top 10 Rankings
A1: 🏆 TOP RANKINGS · Auto-calculated from Fruits_DB
A2: Category | B2: Fruit | C2: Value | D2: Unit
A3: Highest Vitamin C | B3: {=INDEX(Fruits_DB!$B$4:$B$54,MATCH(MAX(Fruits_DB!$AM$4:$AM$54),Fruits_DB!$AM$4:$AM$54,0))} -> Avocado | C3: =MAX(Fruits_DB!$AM$4:$AM$54) -> 14.2 | D3: mg/100g
A4: Lowest Calories | B4: {=INDEX(Fruits_DB!$B$4:$B$54,MATCH(MIN(Fruits_DB!$G$4:$G$54),Fruits_DB!$G$4:$G$54,0))} -> Jamrool (Rose Apple) | C4: =MIN(Fruits_DB!$G$4:$G$54) -> 25 | D4: kcal
A5: Highest Calories | B5: {=INDEX(Fruits_DB!$B$4:$B$54,MATCH(MAX(Fruits_DB!$G$4:$G$54),Fruits_DB!$G$4:$G$54,0))} -> Coconut (fresh) | C5: =MAX(Fruits_DB!$G$4:$G$54) -> 354 | D5: kcal
A6: Highest Fiber | B6: {=INDEX(Fruits_DB!$B$4:$B$54,MATCH(MAX(Fruits_DB!$K$4:$K$54),Fruits_DB!$K$4:$K$54,0))} -> Passion Fruit | C6: =MAX(Fruits_DB!$K$4:$K$54) -> 10.4 | D6: g/100g
A7: Highest Protein | B7: {=INDEX(Fruits_DB!$B$4:$B$54,MATCH(MAX(Fruits_DB!$H$4:$H$54),Fruits_DB!$H$4:$H$54,0))} -> Jackfruit Seeds | C7: =MAX(Fruits_DB!$H$4:$H$54) -> 6.6 | D7: g/100g
A8: Highest Potassium | B8: {=INDEX(Fruits_DB!$B$4:$B$54,MATCH(MAX(Fruits_DB!$AS$4:$AS$54),Fruits_DB!$AS$4:$AS$54,0))} -> Passion Fruit | C8: =MAX(Fruits_DB!$AS$4:$AS$54) -> 28 | D8: mg/100g
A9: Highest Iron | B9: {=INDEX(Fruits_DB!$B$4:$B$54,MATCH(MAX(Fruits_DB!$AP$4:$AP$54),Fruits_DB!$AP$4:$AP$54,0))} -> Tamarind | C9: =MAX(Fruits_DB!$AP$4:$AP$54) -> 92 | D9: mg/100g
A10: Highest Total Sugar | B10: {=INDEX(Fruits_DB!$B$4:$B$54,MATCH(MAX(Fruits_DB!$L$4:$L$54),Fruits_DB!$L$4:$L$54,0))} -> Date (Fresh Medjool) | C10: =MAX(Fruits_DB!$L$4:$L$54) -> 66.47 | D10: g/100g
A11: Lowest Sugar | B11: {=INDEX(Fruits_DB!$B$4:$B$54,MATCH(MIN(Fruits_DB!$L$4:$L$54),Fruits_DB!$L$4:$L$54,0))} -> Amla (Indian Gooseberry) | C11: =MIN(Fruits_DB!$L$4:$L$54) -> 0 | D11: g/100g
A12: Highest Antioxidant (ORAC) | B12: {=INDEX(Fruits_DB!$B$4:$B$54,MATCH(MAX(Fruits_DB!$BE$4:$BE$54),Fruits_DB!$BE$4:$BE$54,0))} -> Grapes (Black) | C12: =MAX(Fruits_DB!$BE$4:$BE$54) -> 1.2 | D12: µmol TE
A13: Highest Vitamin A | B13: {=INDEX(Fruits_DB!$B$4:$B$54,MATCH(MAX(Fruits_DB!$X$4:$X$54),Fruits_DB!$X$4:$X$54,0))} -> Apricot (Dried) | C13: =MAX(Fruits_DB!$X$4:$X$54) -> 180 | D13: mcg RAE
A14: Lowest GI | B14: {=INDEX(Fruits_DB!$B$4:$B$54,MATCH(MIN(IF(Fruits_DB!$W$4:$W$54>0,Fruits_DB!$W$4:$W$54,9999)),IF(Fruits_DB!$W$4:$W$54>0,Fruits_DB!$W$4:$W$54,9999),0))} -> Guava | C14: — | D14: GI score
A15: Highest Calcium | B15: {=INDEX(Fruits_DB!$B$4:$B$54,MATCH(MAX(Fruits_DB!$AO$4:$AO$54),Fruits_DB!$AO$4:$AO$54,0))} -> Apricot (Dried) | C15: =MAX(Fruits_DB!$AO$4:$AO$54) -> 6.31 | D15: mg/100g
A16: Highest Magnesium | B16: {=INDEX(Fruits_DB!$B$4:$B$54,MATCH(MAX(Fruits_DB!$AQ$4:$AQ$54),Fruits_DB!$AQ$4:$AQ$54,0))} -> Jackfruit Seeds | C16: =MAX(Fruits_DB!$AQ$4:$AQ$54) -> 150 | D16: mg/100g
